board_name,title,body,raw_text,url
,어디까지 오르는거예요?,"지수가 조정없이 10프로 이상 쐈는데 언제 조정주냐 횡보를 하든지 오늘 나올 줄 알았는데 오늘도 올랐네
0
0
0
공감
스크랩
글 목록","실시간 인기 글
백날 학교 내려쳐봐라
진짜 지잡을 몰라서 그럼
올해 편입했는데 천국이다
조별과제 할 때 대놓고 무임승차하거나 수업 안나오는 사람도 없고 도서관 겁나 크고 좋은데 다들
광주캠 자유게시판
93
33
니네는 얼박사 절대 마시지 마라
얼박사 모르고 먹으면 큰일나는데 다들 이거 모르고 있더라
저번에 유독 피곤하고 몸에 기운이 없어서 강의실에서 얼박사 마시고 있었음.
교수
광주캠 자유게시판
31
10
HOT 게시물
더 보기
04/16 02:02
전대 내려치지마새욤..
04/15 19:29
니네는 얼박사 절대 마시지 마라
04/15 19:36
백날 학교 내려쳐봐라
04/14 20:04
사람이 지쳤잖아
BEST 게시판
더 보기
학교 소식
4.16 세월호 참사 12주기
[4.16 세월호 참사 12주기 ]
안녕하세요. 전남대학교 제55대 총학생회 ‘그린’입니다.
소중한 이들을 차가운 바다에서 잃어버린 그날에
광주캠퍼스 총학생회
3
0
📝제78회 한국사능력검정시험 안내📝
제78회 한국사능력검정시험 일정을 안내드립니다.

✔접수 기간: 4월 21일(화) ~ 4월 28일(화)
✔취소좌석 접수: 5월 5일(화) ~
사범대학 학생회
1
0
최근 강의평
더 보기
무역학개론 : 이강문
무역, 나라 간의 관계 관심많으시면 ㄹㅇ 추천
근데 나긋나긋하셔서 참을 수 없는 졸음이.몰려오긴 합니다
경제학개론 : 윤영선
교수님께서 열정적으로 설명해주십니다 내용도 재밌어용
과제도 없고 좋아요
일반심리학 : 김소영
복습을 꾸준히 안 하면 시험 때 고생할 것 같아요
팀티칭이라 일주일마다 교수님이 바뀌는데 다들 시간이 부족함에도 꾹꾹 눌러담아서 가르쳐주고 떠나
📉주식📈
주식, 제테크 이야기를 나누는 곳
익명
04/15 09:30
쪽지
신고
어디까지 오르는거예요?
지수가 조정없이 10프로 이상 쐈는데 언제 조정주냐 횡보를 하든지 오늘 나올 줄 알았는데 오늘도 올랐네
0
0
0
공감
스크랩
글 목록",https://everytime.kr/467559/v/407391646
,휴전 빔에 +됨,"자산 증식의 시간이 온다
더 안떨어져서 아쉽네
0
0
0
공감
스크랩
글 목록","실시간 인기 글
백날 학교 내려쳐봐라
진짜 지잡을 몰라서 그럼
올해 편입했는데 천국이다
조별과제 할 때 대놓고 무임승차하거나 수업 안나오는 사람도 없고 도서관 겁나 크고 좋은데 다들
광주캠 자유게시판
93
33
니네는 얼박사 절대 마시지 마라
얼박사 모르고 먹으면 큰일나는데 다들 이거 모르고 있더라
저번에 유독 피곤하고 몸에 기운이 없어서 강의실에서 얼박사 마시고 있었음.
교수
광주캠 자유게시판
31
10
HOT 게시물
더 보기
04/16 02:02
전대 내려치지마새욤..
04/15 19:29
니네는 얼박사 절대 마시지 마라
04/15 19:36
백날 학교 내려쳐봐라
04/14 20:04
사람이 지쳤잖아
BEST 게시판
더 보기
학교 소식
4.16 세월호 참사 12주기
[4.16 세월호 참사 12주기 ]
안녕하세요. 전남대학교 제55대 총학생회 ‘그린’입니다.
소중한 이들을 차가운 바다에서 잃어버린 그날에
광주캠퍼스 총학생회
3
0
📝제78회 한국사능력검정시험 안내📝
제78회 한국사능력검정시험 일정을 안내드립니다.

✔접수 기간: 4월 21일(화) ~ 4월 28일(화)
✔취소좌석 접수: 5월 5일(화) ~
사범대학 학생회
1
0
최근 강의평
더 보기
무역학개론 : 이강문
무역, 나라 간의 관계 관심많으시면 ㄹㅇ 추천
근데 나긋나긋하셔서 참을 수 없는 졸음이.몰려오긴 합니다
경제학개론 : 윤영선
교수님께서 열정적으로 설명해주십니다 내용도 재밌어용
과제도 없고 좋아요
일반심리학 : 김소영
복습을 꾸준히 안 하면 시험 때 고생할 것 같아요
팀티칭이라 일주일마다 교수님이 바뀌는데 다들 시간이 부족함에도 꾹꾹 눌러담아서 가르쳐주고 떠나
📉주식📈
주식, 제테크 이야기를 나누는 곳
익명
04/08 13:59
쪽지
신고
휴전 빔에 +됨
자산 증식의 시간이 온다
더 안떨어져서 아쉽네
0
0
0
공감
스크랩
글 목록",https://everytime.kr/467559/v/406808344
,1억 목표,"언젠가 되겠지 가끔 올림
0
3
0
공감
스크랩","실시간 인기 글
백날 학교 내려쳐봐라
진짜 지잡을 몰라서 그럼
올해 편입했는데 천국이다
조별과제 할 때 대놓고 무임승차하거나 수업 안나오는 사람도 없고 도서관 겁나 크고 좋은데 다들
광주캠 자유게시판
93
33
니네는 얼박사 절대 마시지 마라
얼박사 모르고 먹으면 큰일나는데 다들 이거 모르고 있더라
저번에 유독 피곤하고 몸에 기운이 없어서 강의실에서 얼박사 마시고 있었음.
교수
광주캠 자유게시판
31
10
HOT 게시물
더 보기
04/16 02:02
전대 내려치지마새욤..
04/15 19:29
니네는 얼박사 절대 마시지 마라
04/15 19:36
백날 학교 내려쳐봐라
04/14 20:04
사람이 지쳤잖아
BEST 게시판
더 보기
학교 소식
4.16 세월호 참사 12주기
[4.16 세월호 참사 12주기 ]
안녕하세요. 전남대학교 제55대 총학생회 ‘그린’입니다.
소중한 이들을 차가운 바다에서 잃어버린 그날에
광주캠퍼스 총학생회
3
0
📝제78회 한국사능력검정시험 안내📝
제78회 한국사능력검정시험 일정을 안내드립니다.

✔접수 기간: 4월 21일(화) ~ 4월 28일(화)
✔취소좌석 접수: 5월 5일(화) ~
사범대학 학생회
1
0
최근 강의평
더 보기
무역학개론 : 이강문
무역, 나라 간의 관계 관심많으시면 ㄹㅇ 추천
근데 나긋나긋하셔서 참을 수 없는 졸음이.몰려오긴 합니다
경제학개론 : 윤영선
교수님께서 열정적으로 설명해주십니다 내용도 재밌어용
과제도 없고 좋아요
일반심리학 : 김소영
복습을 꾸준히 안 하면 시험 때 고생할 것 같아요
팀티칭이라 일주일마다 교수님이 바뀌는데 다들 시간이 부족함에도 꾹꾹 눌러담아서 가르쳐주고 떠나
📉주식📈
주식, 제테크 이야기를 나누는 곳
익명
04/04 21:50
쪽지
신고
1억 목표
언젠가 되겠지 가끔 올림
0
3
0
공감
스크랩
익명1
대댓글
공감
쪽지
신고
군대다녀옴?
04/05 19:15
익명(글쓴이)
공감
쪽지
신고
ㅇㅇ
04/05 19:20
익명1
공감
쪽지
신고
뇌동매매안하면 자산은 증식하게 되어있음
04/05 19:22
글 목록",https://everytime.kr/467559/v/406516497
,주린이인데,"지금 하이닉스 사면 어때요??
아니면 한화에어로가 나을까요??
150만원정도 투자할 예정입니다
0
2
0
공감
스크랩","실시간 인기 글
백날 학교 내려쳐봐라
진짜 지잡을 몰라서 그럼
올해 편입했는데 천국이다
조별과제 할 때 대놓고 무임승차하거나 수업 안나오는 사람도 없고 도서관 겁나 크고 좋은데 다들
광주캠 자유게시판
93
33
니네는 얼박사 절대 마시지 마라
얼박사 모르고 먹으면 큰일나는데 다들 이거 모르고 있더라
저번에 유독 피곤하고 몸에 기운이 없어서 강의실에서 얼박사 마시고 있었음.
교수
광주캠 자유게시판
31
10
HOT 게시물
더 보기
04/16 02:02
전대 내려치지마새욤..
04/15 19:29
니네는 얼박사 절대 마시지 마라
04/15 19:36
백날 학교 내려쳐봐라
04/14 20:04
사람이 지쳤잖아
BEST 게시판
더 보기
학교 소식
4.16 세월호 참사 12주기
[4.16 세월호 참사 12주기 ]
안녕하세요. 전남대학교 제55대 총학생회 ‘그린’입니다.
소중한 이들을 차가운 바다에서 잃어버린 그날에
광주캠퍼스 총학생회
3
0
📝제78회 한국사능력검정시험 안내📝
제78회 한국사능력검정시험 일정을 안내드립니다.

✔접수 기간: 4월 21일(화) ~ 4월 28일(화)
✔취소좌석 접수: 5월 5일(화) ~
사범대학 학생회
1
0
최근 강의평
더 보기
무역학개론 : 이강문
무역, 나라 간의 관계 관심많으시면 ㄹㅇ 추천
근데 나긋나긋하셔서 참을 수 없는 졸음이.몰려오긴 합니다
경제학개론 : 윤영선
교수님께서 열정적으로 설명해주십니다 내용도 재밌어용
과제도 없고 좋아요
일반심리학 : 김소영
복습을 꾸준히 안 하면 시험 때 고생할 것 같아요
팀티칭이라 일주일마다 교수님이 바뀌는데 다들 시간이 부족함에도 꾹꾹 눌러담아서 가르쳐주고 떠나
📉주식📈
주식, 제테크 이야기를 나누는 곳
익명
04/02 14:51
쪽지
신고
주린이인데
지금 하이닉스 사면 어때요??
아니면 한화에어로가 나을까요??
150만원정도 투자할 예정입니다
0
2
0
공감
스크랩
익명1
대댓글
공감
쪽지
신고
하이닉스
04/02 20:11
익명2
대댓글
공감
쪽지
신고
에어로보단 닉스요
04/06 23:04
글 목록",https://everytime.kr/467559/v/406346889
,3월달 수익,"이번 달은 숏으로 돈벌기 좋은 달이네요
0
1
0
공감
스크랩","실시간 인기 글
백날 학교 내려쳐봐라
진짜 지잡을 몰라서 그럼
올해 편입했는데 천국이다
조별과제 할 때 대놓고 무임승차하거나 수업 안나오는 사람도 없고 도서관 겁나 크고 좋은데 다들
광주캠 자유게시판
93
33
니네는 얼박사 절대 마시지 마라
얼박사 모르고 먹으면 큰일나는데 다들 이거 모르고 있더라
저번에 유독 피곤하고 몸에 기운이 없어서 강의실에서 얼박사 마시고 있었음.
교수
광주캠 자유게시판
31
10
HOT 게시물
더 보기
04/16 02:02
전대 내려치지마새욤..
04/15 19:29
니네는 얼박사 절대 마시지 마라
04/15 19:36
백날 학교 내려쳐봐라
04/14 20:04
사람이 지쳤잖아
BEST 게시판
더 보기
학교 소식
4.16 세월호 참사 12주기
[4.16 세월호 참사 12주기 ]
안녕하세요. 전남대학교 제55대 총학생회 ‘그린’입니다.
소중한 이들을 차가운 바다에서 잃어버린 그날에
광주캠퍼스 총학생회
3
0
📝제78회 한국사능력검정시험 안내📝
제78회 한국사능력검정시험 일정을 안내드립니다.

✔접수 기간: 4월 21일(화) ~ 4월 28일(화)
✔취소좌석 접수: 5월 5일(화) ~
사범대학 학생회
1
0
최근 강의평
더 보기
무역학개론 : 이강문
무역, 나라 간의 관계 관심많으시면 ㄹㅇ 추천
근데 나긋나긋하셔서 참을 수 없는 졸음이.몰려오긴 합니다
경제학개론 : 윤영선
교수님께서 열정적으로 설명해주십니다 내용도 재밌어용
과제도 없고 좋아요
일반심리학 : 김소영
복습을 꾸준히 안 하면 시험 때 고생할 것 같아요
팀티칭이라 일주일마다 교수님이 바뀌는데 다들 시간이 부족함에도 꾹꾹 눌러담아서 가르쳐주고 떠나
📉주식📈
주식, 제테크 이야기를 나누는 곳
익명
03/30 12:58
쪽지
신고
3월달 수익
이번 달은 숏으로 돈벌기 좋은 달이네요
0
1
0
공감
스크랩
익명1
대댓글
공감
쪽지
신고
수익률 지리네
03/30 13:14
1
글 목록",https://everytime.kr/467559/v/406063192
,세금 정가납부..,"애국자 ㅇㅈ?
0
1
0
공감
스크랩","실시간 인기 글
백날 학교 내려쳐봐라
진짜 지잡을 몰라서 그럼
올해 편입했는데 천국이다
조별과제 할 때 대놓고 무임승차하거나 수업 안나오는 사람도 없고 도서관 겁나 크고 좋은데 다들
광주캠 자유게시판
93
33
니네는 얼박사 절대 마시지 마라
얼박사 모르고 먹으면 큰일나는데 다들 이거 모르고 있더라
저번에 유독 피곤하고 몸에 기운이 없어서 강의실에서 얼박사 마시고 있었음.
교수
광주캠 자유게시판
31
10
HOT 게시물
더 보기
04/16 02:02
전대 내려치지마새욤..
04/15 19:29
니네는 얼박사 절대 마시지 마라
04/15 19:36
백날 학교 내려쳐봐라
04/14 20:04
사람이 지쳤잖아
BEST 게시판
더 보기
학교 소식
4.16 세월호 참사 12주기
[4.16 세월호 참사 12주기 ]
안녕하세요. 전남대학교 제55대 총학생회 ‘그린’입니다.
소중한 이들을 차가운 바다에서 잃어버린 그날에
광주캠퍼스 총학생회
3
0
📝제78회 한국사능력검정시험 안내📝
제78회 한국사능력검정시험 일정을 안내드립니다.

✔접수 기간: 4월 21일(화) ~ 4월 28일(화)
✔취소좌석 접수: 5월 5일(화) ~
사범대학 학생회
1
0
최근 강의평
더 보기
무역학개론 : 이강문
무역, 나라 간의 관계 관심많으시면 ㄹㅇ 추천
근데 나긋나긋하셔서 참을 수 없는 졸음이.몰려오긴 합니다
경제학개론 : 윤영선
교수님께서 열정적으로 설명해주십니다 내용도 재밌어용
과제도 없고 좋아요
일반심리학 : 김소영
복습을 꾸준히 안 하면 시험 때 고생할 것 같아요
팀티칭이라 일주일마다 교수님이 바뀌는데 다들 시간이 부족함에도 꾹꾹 눌러담아서 가르쳐주고 떠나
📉주식📈
주식, 제테크 이야기를 나누는 곳
익명
03/20 13:19
쪽지
신고
세금 정가납부..
애국자 ㅇㅈ?
0
1
0
공감
스크랩
익명1
대댓글
공감
쪽지
신고
부럽당
03/21 15:20
글 목록",https://everytime.kr/467559/v/405241121
,돈벌기 가장 좋은 장,"전쟁
0
2
0
공감
스크랩","실시간 인기 글
백날 학교 내려쳐봐라
진짜 지잡을 몰라서 그럼
올해 편입했는데 천국이다
조별과제 할 때 대놓고 무임승차하거나 수업 안나오는 사람도 없고 도서관 겁나 크고 좋은데 다들
광주캠 자유게시판
93
33
니네는 얼박사 절대 마시지 마라
얼박사 모르고 먹으면 큰일나는데 다들 이거 모르고 있더라
저번에 유독 피곤하고 몸에 기운이 없어서 강의실에서 얼박사 마시고 있었음.
교수
광주캠 자유게시판
31
10
HOT 게시물
더 보기
04/16 02:02
전대 내려치지마새욤..
04/15 19:29
니네는 얼박사 절대 마시지 마라
04/15 19:36
백날 학교 내려쳐봐라
04/14 20:04
사람이 지쳤잖아
BEST 게시판
더 보기
학교 소식
4.16 세월호 참사 12주기
[4.16 세월호 참사 12주기 ]
안녕하세요. 전남대학교 제55대 총학생회 ‘그린’입니다.
소중한 이들을 차가운 바다에서 잃어버린 그날에
광주캠퍼스 총학생회
3
0
📝제78회 한국사능력검정시험 안내📝
제78회 한국사능력검정시험 일정을 안내드립니다.

✔접수 기간: 4월 21일(화) ~ 4월 28일(화)
✔취소좌석 접수: 5월 5일(화) ~
사범대학 학생회
1
0
최근 강의평
더 보기
무역학개론 : 이강문
무역, 나라 간의 관계 관심많으시면 ㄹㅇ 추천
근데 나긋나긋하셔서 참을 수 없는 졸음이.몰려오긴 합니다
경제학개론 : 윤영선
교수님께서 열정적으로 설명해주십니다 내용도 재밌어용
과제도 없고 좋아요
일반심리학 : 김소영
복습을 꾸준히 안 하면 시험 때 고생할 것 같아요
팀티칭이라 일주일마다 교수님이 바뀌는데 다들 시간이 부족함에도 꾹꾹 눌러담아서 가르쳐주고 떠나
📉주식📈
주식, 제테크 이야기를 나누는 곳
에버가든
03/10 12:37
쪽지
신고
돈벌기 가장 좋은 장
전쟁
0
2
0
공감
스크랩
익명1
대댓글
공감
쪽지
신고
잃기도 쉬운 장
03/11 16:30
익명2
공감
쪽지
신고
내얘기네 ㅆㅂ
03/13 21:19
글 목록",https://everytime.kr/467559/v/404158280
,안녕하세요!,"현재 주린이 주식 시작한지 얼마 안 되었는데
한 종목 2~3 주 정도 구매하다가 요번에는 미장이랑 국장 둘 다 하고 있어요.!
미장은 ETF 하고 있고 2주마다 한 번씩이나 달에 한 번씩 1주를 사서 꾸준히 모아서 장투 하려고 하는데 괜찮은 생각일까요? 배당주입니다!!
그리고 ETF말고 국장이나 미장 같은 건 몇종목 정도 하면 좋을까요?
지금은 미장 2개, 국장 2개 보유하고 있습니다...!
토스로 주식 하고 있는데, isa 계좌를 개설하는 것을 추천하시나요?
아무나 편하게 답변주시면 감사드리겠습니다...!!
0
4
1
공감
스크랩
에버가든","실시간 인기 글
백날 학교 내려쳐봐라
진짜 지잡을 몰라서 그럼
올해 편입했는데 천국이다
조별과제 할 때 대놓고 무임승차하거나 수업 안나오는 사람도 없고 도서관 겁나 크고 좋은데 다들
광주캠 자유게시판
93
33
니네는 얼박사 절대 마시지 마라
얼박사 모르고 먹으면 큰일나는데 다들 이거 모르고 있더라
저번에 유독 피곤하고 몸에 기운이 없어서 강의실에서 얼박사 마시고 있었음.
교수
광주캠 자유게시판
31
10
HOT 게시물
더 보기
04/16 02:02
전대 내려치지마새욤..
04/15 19:29
니네는 얼박사 절대 마시지 마라
04/15 19:36
백날 학교 내려쳐봐라
04/14 20:04
사람이 지쳤잖아
BEST 게시판
더 보기
학교 소식
4.16 세월호 참사 12주기
[4.16 세월호 참사 12주기 ]
안녕하세요. 전남대학교 제55대 총학생회 ‘그린’입니다.
소중한 이들을 차가운 바다에서 잃어버린 그날에
광주캠퍼스 총학생회
3
0
📝제78회 한국사능력검정시험 안내📝
제78회 한국사능력검정시험 일정을 안내드립니다.

✔접수 기간: 4월 21일(화) ~ 4월 28일(화)
✔취소좌석 접수: 5월 5일(화) ~
사범대학 학생회
1
0
최근 강의평
더 보기
무역학개론 : 이강문
무역, 나라 간의 관계 관심많으시면 ㄹㅇ 추천
근데 나긋나긋하셔서 참을 수 없는 졸음이.몰려오긴 합니다
경제학개론 : 윤영선
교수님께서 열정적으로 설명해주십니다 내용도 재밌어용
과제도 없고 좋아요
일반심리학 : 김소영
복습을 꾸준히 안 하면 시험 때 고생할 것 같아요
팀티칭이라 일주일마다 교수님이 바뀌는데 다들 시간이 부족함에도 꾹꾹 눌러담아서 가르쳐주고 떠나
📉주식📈
주식, 제테크 이야기를 나누는 곳
익명
02/23 21:15
쪽지
신고
안녕하세요!
현재 주린이 주식 시작한지 얼마 안 되었는데
한 종목 2~3 주 정도 구매하다가 요번에는 미장이랑 국장 둘 다 하고 있어요.!
미장은 ETF 하고 있고 2주마다 한 번씩이나 달에 한 번씩 1주를 사서 꾸준히 모아서 장투 하려고 하는데 괜찮은 생각일까요? 배당주입니다!!
그리고 ETF말고 국장이나 미장 같은 건 몇종목 정도 하면 좋을까요?
지금은 미장 2개, 국장 2개 보유하고 있습니다...!

토스로 주식 하고 있는데, isa 계좌를 개설하는 것을 추천하시나요?
아무나 편하게 답변주시면 감사드리겠습니다...!!
0
4
1
공감
스크랩
에버가든
대댓글
공감
쪽지
신고
시드가 적으면 전 그냥 없어도된다고 얘기하는 편
02/24 09:12
익명1
대댓글
공감
쪽지
신고
isa 개설일 기준 3년이라 개설은 빨리할수록 좋음
02/25 10:27
익명(글쓴이)
공감
쪽지
신고
앗 네! 감사합니다
아직 어려서 시드가 많지않긴한데, ETF 배당주는 2주마다 한 주씩 사서 꾸준히 오래 모을건데 그러면 개설하는게 좋을까요?
위에분이 시드 적으면 없어도 된다고 하셔서...! 꾸준히 차곡차곡 모으는 사람은 사는게 나은지,,, 궁금해서 여쭤봅니다
02/25 10:28
익명1
공감
쪽지
신고
윗분말처럼 시드적고 미국직투면 매년 양도세 비과세 250만원이 더커서 맞는말이에요
국내배당주는 isa에서 서민형400만원까지 배당소득세면제고 과세이연도되서 극한의 배당재투자 가능해서 좋아요! 다만 3년동안 돈못뺌...
02/25 10:51
글 목록",https://everytime.kr/467559/v/401409460
,토스 주식 장기투자,"지금부터 주식 시작해보려하는데 하루에 5천원씩 장기투자할건데 구글이랑 엔비디아 중에 뭘 더 추천하나요?? 아님 구글이랑 엔비디아 분산투자? 글고 토스에서 주식하는거 괜찮나요??
0
9
0
공감
스크랩","실시간 인기 글
백날 학교 내려쳐봐라
진짜 지잡을 몰라서 그럼
올해 편입했는데 천국이다
조별과제 할 때 대놓고 무임승차하거나 수업 안나오는 사람도 없고 도서관 겁나 크고 좋은데 다들
광주캠 자유게시판
93
33
니네는 얼박사 절대 마시지 마라
얼박사 모르고 먹으면 큰일나는데 다들 이거 모르고 있더라
저번에 유독 피곤하고 몸에 기운이 없어서 강의실에서 얼박사 마시고 있었음.
교수
광주캠 자유게시판
31
10
HOT 게시물
더 보기
04/16 02:02
전대 내려치지마새욤..
04/15 19:29
니네는 얼박사 절대 마시지 마라
04/15 19:36
백날 학교 내려쳐봐라
04/14 20:04
사람이 지쳤잖아
BEST 게시판
더 보기
학교 소식
4.16 세월호 참사 12주기
[4.16 세월호 참사 12주기 ]
안녕하세요. 전남대학교 제55대 총학생회 ‘그린’입니다.
소중한 이들을 차가운 바다에서 잃어버린 그날에
광주캠퍼스 총학생회
3
0
📝제78회 한국사능력검정시험 안내📝
제78회 한국사능력검정시험 일정을 안내드립니다.

✔접수 기간: 4월 21일(화) ~ 4월 28일(화)
✔취소좌석 접수: 5월 5일(화) ~
사범대학 학생회
1
0
최근 강의평
더 보기
무역학개론 : 이강문
무역, 나라 간의 관계 관심많으시면 ㄹㅇ 추천
근데 나긋나긋하셔서 참을 수 없는 졸음이.몰려오긴 합니다
경제학개론 : 윤영선
교수님께서 열정적으로 설명해주십니다 내용도 재밌어용
과제도 없고 좋아요
일반심리학 : 김소영
복습을 꾸준히 안 하면 시험 때 고생할 것 같아요
팀티칭이라 일주일마다 교수님이 바뀌는데 다들 시간이 부족함에도 꾹꾹 눌러담아서 가르쳐주고 떠나
📉주식📈
주식, 제테크 이야기를 나누는 곳
익명
01/19 21:21
쪽지
신고
토스 주식 장기투자
지금부터 주식 시작해보려하는데 하루에 5천원씩 장기투자할건데 구글이랑 엔비디아 중에 뭘 더 추천하나요?? 아님 구글이랑 엔비디아 분산투자? 글고 토스에서 주식하는거 괜찮나요??
0
9
0
공감
스크랩
익명1
대댓글
공감
쪽지
신고
토스 증권 양아치임
수수료 많이 떼가고
급등주,옵션 거래하도록 유도함
01/20 13:05
익명2
공감
쪽지
신고
옵션은 막혓음
01/20 13:07
익명(글쓴이)
공감
쪽지
신고
그럼 어떤 앱으로 하는 걸 추천하나요?
01/20 13:18
난이뫼
대댓글
공감
쪽지
신고
질문에 따른 답변을 드리자면 구글과 엔비디아 중에 한 가지를 추천하려면 가치 비교가 필요할텐데 여기에서 두 종목의 정확한 가치를 산정할 수 있는 사람은 몇 없을 겁니다. 장기투자 예정이시니 둘 다 사셔도 될 것 같습니다. 둘 다 돈 잘 버는 좋은 기업이니깐요.
제가 알기론 토스에서 주식모으기를 한다면 수수료가 무료입니다. 개별적으로 매매할 때도 10달러 미만이면 수수료가 없습니다. 나중에 큰 금액으로 주식 매매를 한다면 그때 가서 수수료가 낮은 다른 증권앱을 사용하면 될 것 같습니다.
01/21 12:44
익명(글쓴이)
공감
쪽지
신고
알려주셔서 감사합니다!
01/21 13:31
난이뫼
대댓글
공감
쪽지
신고
개인적인 생각으로 답변을 드리자면 주린이라면 개별 종목보다는 시장 지수를 추종하는 ETF인 VOO를 추천합니다. 또한 현금 비중도 10% 가져가시면 좋을 것 같습니다. 나중네 주가가 크게 떨어지면 현금 비중이 커질텐데 다시 9:1로 리밸런싱 하면서 주식을 더 사시면 됩니다.
정 개별 종목을 사고 싶으시다면 VOO:(구글/엔비디아):현금 = 7:2:1 비율로 운용하시면 될 것 같습니다.
개인적인 생각이니 무시하셔도 됩니다.
01/21 12:53
익명4
대댓글
공감
쪽지
신고
5천원은 재미로 하시고
원화채굴을 하든 뭘하든 시드를 모아뒀다가 몇 년마다 오는 폭락장 왔을때
지수추종 3배짜리 잘 주워놓는게 가장 쉬움
01/22 13:10
익명5
공감
쪽지
신고
4년짜리횡보장맛좀보자너는
01/23 20:45
익명6
대댓글
공감
쪽지
신고
개인적으로 tsmc도 매우 추천
주당 가격이 비싸지만 블랙록도 추천
02/26 11:56
글 목록",https://everytime.kr/467559/v/398414507
,전재산 에드작 3억 박혀있는데 이것도 팔까?,"전에 돈 급해서 30달러일때 절반 정리했고,
나머지 가족명의로 남은거랑 내 명의랑 합치면 한 1.2억 남았는데
에드작에 4억 박을까?
진심으로 졸업 될 것 같은데
여기 퍼프덱스 작업 하는사람 있나?
나 퍼시피카 올인중인데 60만포 모앗다
이번 년말 까지 한 150만포에 10억정도만 되면 좋겟다
나도 좀 편하게 살자
0
17
2
공감
스크랩","실시간 인기 글
백날 학교 내려쳐봐라
진짜 지잡을 몰라서 그럼
올해 편입했는데 천국이다
조별과제 할 때 대놓고 무임승차하거나 수업 안나오는 사람도 없고 도서관 겁나 크고 좋은데 다들
광주캠 자유게시판
93
33
니네는 얼박사 절대 마시지 마라
얼박사 모르고 먹으면 큰일나는데 다들 이거 모르고 있더라
저번에 유독 피곤하고 몸에 기운이 없어서 강의실에서 얼박사 마시고 있었음.
교수
광주캠 자유게시판
31
10
HOT 게시물
더 보기
04/16 02:02
전대 내려치지마새욤..
04/15 19:29
니네는 얼박사 절대 마시지 마라
04/15 19:36
백날 학교 내려쳐봐라
04/14 20:04
사람이 지쳤잖아
BEST 게시판
더 보기
학교 소식
4.16 세월호 참사 12주기
[4.16 세월호 참사 12주기 ]
안녕하세요. 전남대학교 제55대 총학생회 ‘그린’입니다.
소중한 이들을 차가운 바다에서 잃어버린 그날에
광주캠퍼스 총학생회
3
0
📝제78회 한국사능력검정시험 안내📝
제78회 한국사능력검정시험 일정을 안내드립니다.

✔접수 기간: 4월 21일(화) ~ 4월 28일(화)
✔취소좌석 접수: 5월 5일(화) ~
사범대학 학생회
1
0
최근 강의평
더 보기
무역학개론 : 이강문
무역, 나라 간의 관계 관심많으시면 ㄹㅇ 추천
근데 나긋나긋하셔서 참을 수 없는 졸음이.몰려오긴 합니다
경제학개론 : 윤영선
교수님께서 열정적으로 설명해주십니다 내용도 재밌어용
과제도 없고 좋아요
일반심리학 : 김소영
복습을 꾸준히 안 하면 시험 때 고생할 것 같아요
팀티칭이라 일주일마다 교수님이 바뀌는데 다들 시간이 부족함에도 꾹꾹 눌러담아서 가르쳐주고 떠나
📉주식📈
주식, 제테크 이야기를 나누는 곳
익명
01/07 02:26
쪽지
신고
전재산 에드작 3억 박혀있는데 이것도 팔까?
전에 돈 급해서 30달러일때 절반 정리했고,
나머지 가족명의로 남은거랑 내 명의랑 합치면 한 1.2억 남았는데

에드작에 4억 박을까?
진심으로 졸업 될 것 같은데

여기 퍼프덱스 작업 하는사람 있나?

나 퍼시피카 올인중인데 60만포 모앗다
이번 년말 까지 한 150만포에 10억정도만 되면 좋겟다
나도 좀 편하게 살자
0
17
2
공감
스크랩
익명2
대댓글
공감
쪽지
신고
에드작 까딱 잘못하면 인생 불지옥됨
01/07 18:38
익명(글쓴이)
공감
쪽지
신고
돈 녹이는거 아니여서 괜찮아 ㅋㅋ
4월에 soxl 매수 인증글 쓰고 수익도 인증했던 것 처럼
연말에 졸업 인증 할 수 있으면 좋겠다
계산대로면 한 2달간 2~3억 어치 모은 것 같아
잘 되길..
01/07 18:45
익명2
공감
쪽지
신고
나보단 잘 알겠다만은 제2의 텐텐빔 같은거 나와버리면....
졸업인증 가보자~
나도 주식으로 지금 열심히 벌고잇긴한데 힘드네
01/07 19:42
익명4
대댓글
공감
쪽지
신고
백팩 모으는중 나는 80만포 모음
01/07 23:20
익명(글쓴이)
공감
쪽지
신고
채단가가 초기랑 비슷하다던데
혹시 텔방 정두업 아나?
그 사람 말이 맞는 것 같아서 최저에드 최저fdv로 생각하면 애매하더라고

지금 기준으로 퍼시피카가 가성비 원탑 맞다 ㄹㅇ
01/07 23:28
익명4
공감
쪽지
신고
반박은 안한다
너가 맞기때문
01/07 23:29
익명(글쓴이)
공감
쪽지
신고
퍼시피카도 통수칠 수도 있긴한데
300~500M ㅈ망 이라도해도.. 포당 0.2~0.3은 될거라

20만불 반년 예치한다고 생각하면 150만포는 충분히 모일 것 같아
이제 막판에 시빌 걸리거나 부이.. 당하지 않으면 졸업할 수 있지 않을까
기도하는중..
제발 진심으로 졸업이란걸 해보고싶다
01/07 23:39
익명4
공감
쪽지
신고
화이팅해라 롸이팅
01/07 23:40
익명5
대댓글
공감
쪽지
신고
전대에 에드작 하는사람 첨보네 ㅋㅋ 친구야 디엠 함 보내줘라
01/10 22:05
익명6
대댓글
공감
쪽지
신고
지금어카냐
01/14 19:15
익명1
대댓글
공감
쪽지
신고
속슬 곧 1억 찍겠내ㄷㄷ
01/22 03:28
익명(글쓴이)
공감
쪽지
신고
그러네 9600됐음

그냥 에드작은 있는돈으로만 하고 좀만 더 놔둬야될까봐
01/22 13:09
익명1
공감
쪽지
신고
언제 빼심??
01/23 22:31
익명7
대댓글
공감
쪽지
신고
한번씩 게시판 들어오는데
쓴이는 깡이 엄청난거같아
01/28 21:25
익명(글쓴이)
공감
쪽지
신고
도파민 중독자의 한탕을 꿈꾸는 도박이라고 생각합니다
실패했을때 돌이킬 수 없는..
01/29 00:43
익명(글쓴이)
대댓글
공감
쪽지
신고
경축 속슬 70달러 돌파
스샷기준 1000주 1억찍었다..
가족명의로 1000주 좀 안되게 더 있는데 인생 첫 양도세가 두렵다..
01/29 00:44
익명1
공감
쪽지
신고
지리농…
01/29 04:27
글 목록",https://everytime.kr/467559/v/397706710
,국장 반도체 포모 존나온다,"나 개미거든? 투자에 유의해라 얼마 안 남았다
0
3
0
공감
스크랩","실시간 인기 글
백날 학교 내려쳐봐라
진짜 지잡을 몰라서 그럼
올해 편입했는데 천국이다
조별과제 할 때 대놓고 무임승차하거나 수업 안나오는 사람도 없고 도서관 겁나 크고 좋은데 다들
광주캠 자유게시판
93
33
니네는 얼박사 절대 마시지 마라
얼박사 모르고 먹으면 큰일나는데 다들 이거 모르고 있더라
저번에 유독 피곤하고 몸에 기운이 없어서 강의실에서 얼박사 마시고 있었음.
교수
광주캠 자유게시판
31
10
HOT 게시물
더 보기
04/16 02:02
전대 내려치지마새욤..
04/15 19:29
니네는 얼박사 절대 마시지 마라
04/15 19:36
백날 학교 내려쳐봐라
04/14 20:04
사람이 지쳤잖아
BEST 게시판
더 보기
학교 소식
4.16 세월호 참사 12주기
[4.16 세월호 참사 12주기 ]
안녕하세요. 전남대학교 제55대 총학생회 ‘그린’입니다.
소중한 이들을 차가운 바다에서 잃어버린 그날에
광주캠퍼스 총학생회
3
0
📝제78회 한국사능력검정시험 안내📝
제78회 한국사능력검정시험 일정을 안내드립니다.

✔접수 기간: 4월 21일(화) ~ 4월 28일(화)
✔취소좌석 접수: 5월 5일(화) ~
사범대학 학생회
1
0
최근 강의평
더 보기
무역학개론 : 이강문
무역, 나라 간의 관계 관심많으시면 ㄹㅇ 추천
근데 나긋나긋하셔서 참을 수 없는 졸음이.몰려오긴 합니다
경제학개론 : 윤영선
교수님께서 열정적으로 설명해주십니다 내용도 재밌어용
과제도 없고 좋아요
일반심리학 : 김소영
복습을 꾸준히 안 하면 시험 때 고생할 것 같아요
팀티칭이라 일주일마다 교수님이 바뀌는데 다들 시간이 부족함에도 꾹꾹 눌러담아서 가르쳐주고 떠나
📉주식📈
주식, 제테크 이야기를 나누는 곳
익명
01/05 09:37
쪽지
신고
국장 반도체 포모 존나온다
나 개미거든? 투자에 유의해라 얼마 안 남았다
0
3
0
공감
스크랩
익명1
대댓글
공감
쪽지
신고
근거는? ㅎㅎ
01/05 16:32
(알수없음)
대댓글
공감
쪽지
신고
포모 와서 내가 사면 물량 떠안고
떡락하는게 국장임....
01/05 18:05
익명3
대댓글
공감
쪽지
신고
언제오나
02/21 01:56
글 목록",https://everytime.kr/467559/v/397591691
,❗️파격 SALE❗️ 개인 투자자용 블룸버그 단말기인 Valley AI 마지막 할인이래,"Basic 요금제 45,000원/월 → 29,000원/월
480,000원/연 → 288,000원/연 + 240,000원 크레딧
참고로 크레딧은 다음번 결제나 Expert 플랜으로 승급할 때 사용 가능
기능 목록)
경제지표 캘린더 깔끔하게 정리해서 보여줌
실적발표 캘린더 기능도 지원함 (아마도 미국만?)
(회계처리 방식을 통일한) 기관 수준의 재무재표
분기별 KPI(핵심 성과지표) 정보 도식화
컨퍼런스 콜 내용을 번역 & 요약해서 보여줌
10-K, 10-Q, 8-Q를 전용 ai로 번역해서 보여줌
월가 & 국내 증권사들 레포트의 전망치 정리
내부자 거래 내역 조회
투자 구루들의 13F 보고서 정리 및 투자내역 시각화
거장과 월가 기관들의 포트폴리오 및 공통 보유종목 정리
각종 경제지표를 쉽게 도식화하여 시각화 (준비중)
다양한 산업의 사이클 현황 시각화
월스트리트저널을 비롯한 유료 뉴스들 열람 가능
실시간 글로벌 뉴스 속보
종목 탐색 스크리너(조건에 따른 필터링 기능)
등등
여기에, 시킹알파처럼 내가 직접 기업을 분석해서 보고서를 작성해볼 수도 있는데, 잘하면 장학금 명목으로 몇 만원에서 많게는 몇 백만원 까지도 상금을 받을 수 있는 투자 대회도 열리고 (나도 몇 십만원 받음 ㅋㅋ), 똑똑한 사람들이 자신의 투자 아이디어를 공유하는 글들을 공짜로 볼 수도 있음
(중소기업중앙회의 성상현 부부장님도 매일 쓰심 ㅇㅇ)
위에서 나열한 기능들중에 한두개는 지원 안할수도 있긴 한데, 아마도 다 지원할거임. 저 기능들에 추가로 dcf나 ddm같은 가치평가 기능, 백테스팅, 월가 출신 전문가들의 강의 기능까지 해금하려면 Expert 플랜을 써야되는데 그건 가입비 240만원에 연회비 120만원임 ㅇㅇ
게다가 실시간 뉴스 속보는 따로 찾아보면 개비싸 ㄹㅇ
(월 수십만원임 ㄷㄷㄷ)
관심 있으면 이걸로 가입 ㄱㄱ 내 초대 링크임
https://www.valley.town/go/wl/Z7PXKVPPS9
이 링크로 가입하면 월 결제는 15,000원, 연 결제는 30,000원씩 크레딧이 들어옴
(1달 넘게 사용했을 때, 최초 1회)
일주일 안에는 100% 환불 되니까 부담 없이 찍먹 ㄱㄱ
참고영상: https://youtu.be/A5WZN0EV7Pg
궁금한건 댓글로 남기면 내가 아는 한도 내에서 답해드림
1
38
6
공감
스크랩","실시간 인기 글
백날 학교 내려쳐봐라
진짜 지잡을 몰라서 그럼
올해 편입했는데 천국이다
조별과제 할 때 대놓고 무임승차하거나 수업 안나오는 사람도 없고 도서관 겁나 크고 좋은데 다들
광주캠 자유게시판
93
33
니네는 얼박사 절대 마시지 마라
얼박사 모르고 먹으면 큰일나는데 다들 이거 모르고 있더라
저번에 유독 피곤하고 몸에 기운이 없어서 강의실에서 얼박사 마시고 있었음.
교수
광주캠 자유게시판
31
10
HOT 게시물
더 보기
04/16 02:02
전대 내려치지마새욤..
04/15 19:29
니네는 얼박사 절대 마시지 마라
04/15 19:36
백날 학교 내려쳐봐라
04/14 20:04
사람이 지쳤잖아
BEST 게시판
더 보기
학교 소식
4.16 세월호 참사 12주기
[4.16 세월호 참사 12주기 ]
안녕하세요. 전남대학교 제55대 총학생회 ‘그린’입니다.
소중한 이들을 차가운 바다에서 잃어버린 그날에
광주캠퍼스 총학생회
3
0
📝제78회 한국사능력검정시험 안내📝
제78회 한국사능력검정시험 일정을 안내드립니다.

✔접수 기간: 4월 21일(화) ~ 4월 28일(화)
✔취소좌석 접수: 5월 5일(화) ~
사범대학 학생회
1
0
최근 강의평
더 보기
무역학개론 : 이강문
무역, 나라 간의 관계 관심많으시면 ㄹㅇ 추천
근데 나긋나긋하셔서 참을 수 없는 졸음이.몰려오긴 합니다
경제학개론 : 윤영선
교수님께서 열정적으로 설명해주십니다 내용도 재밌어용
과제도 없고 좋아요
일반심리학 : 김소영
복습을 꾸준히 안 하면 시험 때 고생할 것 같아요
팀티칭이라 일주일마다 교수님이 바뀌는데 다들 시간이 부족함에도 꾹꾹 눌러담아서 가르쳐주고 떠나
📉주식📈
주식, 제테크 이야기를 나누는 곳
익명
01/04 19:54
쪽지
신고
❗️파격 SALE❗️ 개인 투자자용 블룸버그 단말기인 Valley AI 마지막 할인이래
Basic 요금제 45,000원/월 → 29,000원/월
480,000원/연 → 288,000원/연 + 240,000원 크레딧

참고로 크레딧은 다음번 결제나 Expert 플랜으로 승급할 때 사용 가능

기능 목록)
경제지표 캘린더 깔끔하게 정리해서 보여줌
실적발표 캘린더 기능도 지원함 (아마도 미국만?)
(회계처리 방식을 통일한) 기관 수준의 재무재표
분기별 KPI(핵심 성과지표) 정보 도식화
컨퍼런스 콜 내용을 번역 & 요약해서 보여줌
10-K, 10-Q, 8-Q를 전용 ai로 번역해서 보여줌
월가 & 국내 증권사들 레포트의 전망치 정리
내부자 거래 내역 조회
투자 구루들의 13F 보고서 정리 및 투자내역 시각화
거장과 월가 기관들의 포트폴리오 및 공통 보유종목 정리
각종 경제지표를 쉽게 도식화하여 시각화 (준비중)
다양한 산업의 사이클 현황 시각화
월스트리트저널을 비롯한 유료 뉴스들 열람 가능
실시간 글로벌 뉴스 속보
종목 탐색 스크리너(조건에 따른 필터링 기능)
등등

여기에, 시킹알파처럼 내가 직접 기업을 분석해서 보고서를 작성해볼 수도 있는데, 잘하면 장학금 명목으로 몇 만원에서 많게는 몇 백만원 까지도 상금을 받을 수 있는 투자 대회도 열리고 (나도 몇 십만원 받음 ㅋㅋ), 똑똑한 사람들이 자신의 투자 아이디어를 공유하는 글들을 공짜로 볼 수도 있음
(중소기업중앙회의 성상현 부부장님도 매일 쓰심 ㅇㅇ)

위에서 나열한 기능들중에 한두개는 지원 안할수도 있긴 한데, 아마도 다 지원할거임. 저 기능들에 추가로 dcf나 ddm같은 가치평가 기능, 백테스팅, 월가 출신 전문가들의 강의 기능까지 해금하려면 Expert 플랜을 써야되는데 그건 가입비 240만원에 연회비 120만원임 ㅇㅇ

게다가 실시간 뉴스 속보는 따로 찾아보면 개비싸 ㄹㅇ
(월 수십만원임 ㄷㄷㄷ)

관심 있으면 이걸로 가입 ㄱㄱ 내 초대 링크임
https://www.valley.town/go/wl/Z7PXKVPPS9

이 링크로 가입하면 월 결제는 15,000원, 연 결제는 30,000원씩 크레딧이 들어옴
(1달 넘게 사용했을 때, 최초 1회)

일주일 안에는 100% 환불 되니까 부담 없이 찍먹 ㄱㄱ

참고영상: https://youtu.be/A5WZN0EV7Pg

궁금한건 댓글로 남기면 내가 아는 한도 내에서 답해드림
1
38
6
공감
스크랩
익명1
대댓글
공감
쪽지
신고
신고 - 상업적 광고 및 판매
01/04 20:23
1
익명(글쓴이)
공감
쪽지
신고
근데 이게 도대체 어딜 봐서 상업적 광고 및 판매가 되는건지 모르겠네
01/04 20:51
익명3
대댓글
공감
쪽지
신고
실시간이 일반 텔레그램 수준이 아니라 진짜 실시간이려나
01/04 21:55
익명3
공감
쪽지
신고
그러면 api따서 매매프로그램 해보는건데
01/04 21:55
익명(글쓴이)
공감
쪽지
신고
월가에서 도는 찌라시까지 거의 바로 전달됨 (ai로 번역 자동으로 돌리고 바로 쏨)
원래 이게 api 형태로 월에 수십만원짜리인건데, 여기에서 ㅈㄴ 저렴하게 계약한거임. 근데, api 따는게 약관 위반이라 안걸리게 요령껏 해야될듯. 애초에 이건 가치투자에 최적화된 구조라서 그런걸 기대하면 좀 힘들수도 있음...
01/04 21:58
익명(글쓴이)
공감
쪽지
신고
지금 실시간 속보 기능은 걍 웹 브라우저에서만 보는 형태로 써야되는 형태고, api째로 합법적으로(?) 활용하려면 매달 수십만원 내는게 차라리 깔끔할듯 ㅇㅇ
01/04 22:00
익명3
공감
쪽지
신고
쩝아쉽노
01/04 22:00
익명(글쓴이)
공감
쪽지
신고
뭐 한다면 할 수 있긴 함 쿠키랑 패킷만 따면 구현 자체는 가능하긴 해.
01/04 22:01
익명3
공감
쪽지
신고
하게된다면
01/04 22:18
익명3
대댓글
공감
쪽지
신고
초대레퍼럴하면 이득이머냐 월구독료할인해줌?
01/04 22:03
익명(글쓴이)
공감
쪽지
신고
한달 이상 사용했을 때, 월 구독을 하고있으면 15,000원을, 연구독을 하고 있으면 30,000원을 크레딧으로 딱 한 번 제공해줌. 그건 나중에 연장하거나 다른 용도(나중에 생김)로 Valley 안에서 맘대로 사용 가능한 화폐인거고.
01/04 22:05
익명3
공감
쪽지
신고
아 인앱결제가 있나보네
01/04 22:06
익명3
공감
쪽지
신고
군적금받으면 한번 해보려고 했지
01/04 22:06
익명(글쓴이)
공감
쪽지
신고
인앱결제는 아직 딱히 없고, 가입하면 거의 모든 컨텐츠 다 쓸 수 있음. 걍 매년 갱신할 때 그만큼 할인받는다고 생각하면 편함 ㅇㅇ
01/04 22:07
익명(글쓴이)
공감
쪽지
신고
아 그리고 레퍼럴 여부랑 상관 없이 연구독으로 하면 24만 크레딧도 받음. 월구독은 별도로 이런거 없고 ㅇㅇ
01/04 22:09
익명3
공감
쪽지
신고
안 그래도 버틀러 유료화되어서 종나아쉬웠는데
이 가격이면 버틀러 가격에 상위호환이노
ㄱㅊ한듯 한번 고려해봄
01/04 22:18
익명3
공감
쪽지
신고
님 링크로 들어가드림
01/04 22:18
익명(글쓴이)
공감
쪽지
신고
오오옹 혼또니 ㄱㅅㄱㅅ 애초에 현시점에 Valley랑 견줄만한 애가 없음
01/04 22:19
익명(글쓴이)
공감
쪽지
신고
현존하는 플랫폼이랑 비교하자면, 인베스팅닷컴(상위호환) + 시킹알파 + 뉴스와이어 + 가치평가툴(근데 이건 Expert 플랜) 이정도인듯 ㅇㅇ
01/04 22:22
익명3
공감
쪽지
신고
밸리가 한국형 언유쥬얼웨일마냥 기능도 탑재해주면, 진짜 월 8만이어도 내고 쓸 의향있는데 애초에 투자성격이 달라서 안되려나

밸리빼고 이 기능 구현 가능한 플랫폼이 안 보이는데 ㅠ.ㅠ
01/04 22:25
익명(글쓴이)
공감
쪽지
신고
규모가 커지면 가능하긴 할듯. 애초에 주인장이 월가 출신(S&P 글로벌의 리드 데이터과학자임 ㄷㄷ)이기도 하니...

근데 지금은 대주주의 매수매도 내역이나 13F 보고서 정리한 정도가 다인듯... 아쉽게 됐으...
01/04 22:30
익명(글쓴이)
공감
쪽지
신고
애초에 개인 투자자를 위한 블룸버그 단말기를 만드는게 목표라서, 비용만 ㄱㅊ으면 시도하긴 할듯. 님이 가입하면 나도 한번 문의 넣어봄
01/04 22:32
익명3
공감
쪽지
신고
엥 님 관계자임?
01/04 23:18
익명(글쓴이)
공감
쪽지
신고
ㄴㄴ 그냥 사용자 피드백을 적극적으로 수용함 특히 초기에 참가한 사람들일수록 ㅇㅇ
01/04 23:18
익명3
공감
쪽지
신고
ㅇㅎ군적금만기끝나면해볼게잘자시고
01/04 23:20
익명(글쓴이)
공감
쪽지
신고
ㄱㅅㄱㅅ 굳나잇
01/04 23:20
익명4
대댓글
공감
쪽지
신고
가치투자함?
01/05 18:08
익명(글쓴이)
공감
쪽지
신고
나는 가치투자라기보단 매크로 보면서 투자하는편인데, 저 플랫폼에는 대부분이 가치투자를 하는 사람들이고, 이외에도 트레이더나 알고리즘으로 트레이딩하는 사람들도 많음. 심지어 100억대 트레이더도 있었음 ㄷㄷㄷ
01/05 18:14
익명4
공감
쪽지
신고
근데 엑스퍼트 플랜은 보니까 가격 안나와있던데 저 금액이 확정임? 갑자기 확뛰네
01/06 00:22
익명(글쓴이)
공감
쪽지
신고
ㅇㅇ 저 금액이라고 작년부터 얘기함. 올해 3월에 오픈한댔음. 저렇게 비싼 이유는 Basic 플랜은 그냥 블룸버그 + 시킹알파 수준이라면, Expert 플랜은 전문 투자자를 교육하는게 목표라서 정규 교육과정같은거랑 고급 가치평가 기능같은 것들도 다 지원해서 그렇댔음... 가격으로 아무나 진입 못하도록 일종의 필터 역할을 하는거임
01/06 07:06
익명3
대댓글
공감
쪽지
신고
ㄹㅇ 개꿀이노... 재무제표 그래프만 내가 1시간 30분 투자해서 만들면 단점이 없는 플랫폼이농
01/19 23:35
익명(글쓴이)
공감
쪽지
신고
답글 늦어져서 ㅈㅅ 재무재표 그래프도 엥간하면 기본 제공함. 게다가 웬만한 메이져 종목른 부문별로 분석하는것도 제공함...ㄷㄷㄷ

쨌든 내걸로 등록해준거지? 고마워😁
01/30 00:02
익명3
공감
쪽지
신고
그래프는 쩔수없이 버틀러것이 더 좋더라. 내 설정 만들어놓아서 이제 단점없음 ㅎㅎ 레퍼럴해드렸음~
01/30 20:25
익명(글쓴이)
공감
쪽지
신고
당신은 👼👼천사👼👼
01/30 20:25
익명(글쓴이)
공감
쪽지
신고
아 맞다, 언유주얼웨일 기능 개발해달라고 했음 내부적으로 회의 해보겠대
01/31 10:28
익명3
공감
쪽지
신고
ㄹㅇ? 6월전으로나왔으먄좋겠다
01/31 11:10
익명(글쓴이)
공감
쪽지
신고
오래걸릴듯... 초창기에 가입한 fellow 사용자들한테는 마일스톤을 중간중간에 알려주는데, 목표한 기능들 이제 절반 겨우 넘게 진행한 수준이래... 그래도 그거 끝나면 해줄듯 ㅇㅇ
01/31 11:18
익명(글쓴이)
공감
쪽지
신고
물론 더 빨리 해줄서더 있지 않을까 싶고 ㅇㅇ
01/31 11:19
글 목록",https://everytime.kr/467559/v/397563583
,나이키 나쁘지않을 듯,"최소 20 ~ 30% 먹을 만해보임 52.28불만 안깨면 됨
0
0
0
공감
스크랩
글 목록","실시간 인기 글
백날 학교 내려쳐봐라
진짜 지잡을 몰라서 그럼
올해 편입했는데 천국이다
조별과제 할 때 대놓고 무임승차하거나 수업 안나오는 사람도 없고 도서관 겁나 크고 좋은데 다들
광주캠 자유게시판
93
33
니네는 얼박사 절대 마시지 마라
얼박사 모르고 먹으면 큰일나는데 다들 이거 모르고 있더라
저번에 유독 피곤하고 몸에 기운이 없어서 강의실에서 얼박사 마시고 있었음.
교수
광주캠 자유게시판
31
10
HOT 게시물
더 보기
04/16 02:02
전대 내려치지마새욤..
04/15 19:29
니네는 얼박사 절대 마시지 마라
04/15 19:36
백날 학교 내려쳐봐라
04/14 20:04
사람이 지쳤잖아
BEST 게시판
더 보기
학교 소식
4.16 세월호 참사 12주기
[4.16 세월호 참사 12주기 ]
안녕하세요. 전남대학교 제55대 총학생회 ‘그린’입니다.
소중한 이들을 차가운 바다에서 잃어버린 그날에
광주캠퍼스 총학생회
3
0
📝제78회 한국사능력검정시험 안내📝
제78회 한국사능력검정시험 일정을 안내드립니다.

✔접수 기간: 4월 21일(화) ~ 4월 28일(화)
✔취소좌석 접수: 5월 5일(화) ~
사범대학 학생회
1
0
최근 강의평
더 보기
무역학개론 : 이강문
무역, 나라 간의 관계 관심많으시면 ㄹㅇ 추천
근데 나긋나긋하셔서 참을 수 없는 졸음이.몰려오긴 합니다
경제학개론 : 윤영선
교수님께서 열정적으로 설명해주십니다 내용도 재밌어용
과제도 없고 좋아요
일반심리학 : 김소영
복습을 꾸준히 안 하면 시험 때 고생할 것 같아요
팀티칭이라 일주일마다 교수님이 바뀌는데 다들 시간이 부족함에도 꾹꾹 눌러담아서 가르쳐주고 떠나
📉주식📈
주식, 제테크 이야기를 나누는 곳
익명
25/12/27 15:42
쪽지
신고
나이키 나쁘지않을 듯
최소 20 ~ 30% 먹을 만해보임 52.28불만 안깨면 됨
0
0
0
공감
스크랩
글 목록",https://everytime.kr/467559/v/397062201
,방산주 힘을 내봐 제발!!!!,"K-방산은 세계 제일은 아니더라도 5등은 한다매...
0
1
0
공감
스크랩","실시간 인기 글
백날 학교 내려쳐봐라
진짜 지잡을 몰라서 그럼
올해 편입했는데 천국이다
조별과제 할 때 대놓고 무임승차하거나 수업 안나오는 사람도 없고 도서관 겁나 크고 좋은데 다들
광주캠 자유게시판
93
33
니네는 얼박사 절대 마시지 마라
얼박사 모르고 먹으면 큰일나는데 다들 이거 모르고 있더라
저번에 유독 피곤하고 몸에 기운이 없어서 강의실에서 얼박사 마시고 있었음.
교수
광주캠 자유게시판
31
10
HOT 게시물
더 보기
04/16 02:02
전대 내려치지마새욤..
04/15 19:29
니네는 얼박사 절대 마시지 마라
04/15 19:36
백날 학교 내려쳐봐라
04/14 20:04
사람이 지쳤잖아
BEST 게시판
더 보기
학교 소식
4.16 세월호 참사 12주기
[4.16 세월호 참사 12주기 ]
안녕하세요. 전남대학교 제55대 총학생회 ‘그린’입니다.
소중한 이들을 차가운 바다에서 잃어버린 그날에
광주캠퍼스 총학생회
3
0
📝제78회 한국사능력검정시험 안내📝
제78회 한국사능력검정시험 일정을 안내드립니다.

✔접수 기간: 4월 21일(화) ~ 4월 28일(화)
✔취소좌석 접수: 5월 5일(화) ~
사범대학 학생회
1
0
최근 강의평
더 보기
무역학개론 : 이강문
무역, 나라 간의 관계 관심많으시면 ㄹㅇ 추천
근데 나긋나긋하셔서 참을 수 없는 졸음이.몰려오긴 합니다
경제학개론 : 윤영선
교수님께서 열정적으로 설명해주십니다 내용도 재밌어용
과제도 없고 좋아요
일반심리학 : 김소영
복습을 꾸준히 안 하면 시험 때 고생할 것 같아요
팀티칭이라 일주일마다 교수님이 바뀌는데 다들 시간이 부족함에도 꾹꾹 눌러담아서 가르쳐주고 떠나
📉주식📈
주식, 제테크 이야기를 나누는 곳
익명
25/12/09 12:44
쪽지
신고
방산주 힘을 내봐 제발!!!!
K-방산은 세계 제일은 아니더라도 5등은 한다매...
0
1
0
공감
스크랩
익명1
대댓글
공감
쪽지
신고
최근에 반등좀한것같던데
25/12/10 12:51
글 목록",https://everytime.kr/467559/v/395690945
,주식 처음하는데 추천하는 책 잇나요,"제곧내 아는게 없어요 배경지식부터 쌓아야함
0
8
0
공감
스크랩","실시간 인기 글
백날 학교 내려쳐봐라
진짜 지잡을 몰라서 그럼
올해 편입했는데 천국이다
조별과제 할 때 대놓고 무임승차하거나 수업 안나오는 사람도 없고 도서관 겁나 크고 좋은데 다들
광주캠 자유게시판
93
33
니네는 얼박사 절대 마시지 마라
얼박사 모르고 먹으면 큰일나는데 다들 이거 모르고 있더라
저번에 유독 피곤하고 몸에 기운이 없어서 강의실에서 얼박사 마시고 있었음.
교수
광주캠 자유게시판
31
10
HOT 게시물
더 보기
04/16 02:02
전대 내려치지마새욤..
04/15 19:29
니네는 얼박사 절대 마시지 마라
04/15 19:36
백날 학교 내려쳐봐라
04/14 20:04
사람이 지쳤잖아
BEST 게시판
더 보기
학교 소식
4.16 세월호 참사 12주기
[4.16 세월호 참사 12주기 ]
안녕하세요. 전남대학교 제55대 총학생회 ‘그린’입니다.
소중한 이들을 차가운 바다에서 잃어버린 그날에
광주캠퍼스 총학생회
3
0
📝제78회 한국사능력검정시험 안내📝
제78회 한국사능력검정시험 일정을 안내드립니다.

✔접수 기간: 4월 21일(화) ~ 4월 28일(화)
✔취소좌석 접수: 5월 5일(화) ~
사범대학 학생회
1
0
최근 강의평
더 보기
무역학개론 : 이강문
무역, 나라 간의 관계 관심많으시면 ㄹㅇ 추천
근데 나긋나긋하셔서 참을 수 없는 졸음이.몰려오긴 합니다
경제학개론 : 윤영선
교수님께서 열정적으로 설명해주십니다 내용도 재밌어용
과제도 없고 좋아요
일반심리학 : 김소영
복습을 꾸준히 안 하면 시험 때 고생할 것 같아요
팀티칭이라 일주일마다 교수님이 바뀌는데 다들 시간이 부족함에도 꾹꾹 눌러담아서 가르쳐주고 떠나
📉주식📈
주식, 제테크 이야기를 나누는 곳
익명
25/11/26 01:24
쪽지
신고
주식 처음하는데 추천하는 책 잇나요
제곧내 아는게 없어요 배경지식부터 쌓아야함
0
8
0
공감
스크랩
익명1
대댓글
공감
쪽지
신고
솔직히 주식하는데 책 도움 안된다고 생각한다 난 책한권 안읽고 유튜브도 안보고 2021년부터 주식하는데 잃어본적 없음
25/11/27 10:07
익명2
대댓글
공감
쪽지
신고
안팔면 안잃는거야
25/11/27 17:55
(알수없음)
대댓글
공감
쪽지
신고
22
위에 익1 말이 맞음
나도 2019년도부터 했는데 뚜드러 맞으면서 배움
상폐도 당해보고 로스컷도 당해보고 다 당해봄 ㄹㅇ
25/11/27 20:14
난이뫼
대댓글
공감
쪽지
신고
가치투자 입장에서 말씀드리면 투자에 가장 도움되는 지식은 회계학이고 투자에서 가장 중요한 것은 가치관과 성격입니다. 추천드리고 싶은 책은 벤저민 그레이엄의 현명한 투자자입니다. 이 책에서 투자 방법보다는 투자의 정의와 올바른 가치관 형성에 초점을 두십시오. 투자 방법들은 옛날 책이라 실전성이 있긴 하지만 구시대적인 느낌이 있습니다.
25/11/28 11:11
1
익명(글쓴이)
공감
쪽지
신고
감사합니다!!
25/12/08 19:58
익명5
대댓글
공감
쪽지
신고
한국인이 쓴 책중에는 홍진채 아저씨가 쓴 거인의 어깨, 주식하는 마음이 괜찮음 ㅇㅇ
01/04 19:56
익명5
공감
쪽지
신고
참고로 홍진채 아저씨는 국내유일 모닝스타상 받은걸로 알고있음
01/04 19:57
익명(글쓴이)
공감
쪽지
신고
와 머야 답변 감사합니다 ㅎㅎ
01/20 07:27
글 목록",https://everytime.kr/467559/v/394808291
,시즌 종료,"ㅈㅈ
0
0
0
공감
스크랩
글 목록","실시간 인기 글
백날 학교 내려쳐봐라
진짜 지잡을 몰라서 그럼
올해 편입했는데 천국이다
조별과제 할 때 대놓고 무임승차하거나 수업 안나오는 사람도 없고 도서관 겁나 크고 좋은데 다들
광주캠 자유게시판
93
33
니네는 얼박사 절대 마시지 마라
얼박사 모르고 먹으면 큰일나는데 다들 이거 모르고 있더라
저번에 유독 피곤하고 몸에 기운이 없어서 강의실에서 얼박사 마시고 있었음.
교수
광주캠 자유게시판
31
10
HOT 게시물
더 보기
04/16 02:02
전대 내려치지마새욤..
04/15 19:29
니네는 얼박사 절대 마시지 마라
04/15 19:36
백날 학교 내려쳐봐라
04/14 20:04
사람이 지쳤잖아
BEST 게시판
더 보기
학교 소식
4.16 세월호 참사 12주기
[4.16 세월호 참사 12주기 ]
안녕하세요. 전남대학교 제55대 총학생회 ‘그린’입니다.
소중한 이들을 차가운 바다에서 잃어버린 그날에
광주캠퍼스 총학생회
3
0
📝제78회 한국사능력검정시험 안내📝
제78회 한국사능력검정시험 일정을 안내드립니다.

✔접수 기간: 4월 21일(화) ~ 4월 28일(화)
✔취소좌석 접수: 5월 5일(화) ~
사범대학 학생회
1
0
최근 강의평
더 보기
무역학개론 : 이강문
무역, 나라 간의 관계 관심많으시면 ㄹㅇ 추천
근데 나긋나긋하셔서 참을 수 없는 졸음이.몰려오긴 합니다
경제학개론 : 윤영선
교수님께서 열정적으로 설명해주십니다 내용도 재밌어용
과제도 없고 좋아요
일반심리학 : 김소영
복습을 꾸준히 안 하면 시험 때 고생할 것 같아요
팀티칭이라 일주일마다 교수님이 바뀌는데 다들 시간이 부족함에도 꾹꾹 눌러담아서 가르쳐주고 떠나
📉주식📈
주식, 제테크 이야기를 나누는 곳
익명
25/11/05 02:12
쪽지
신고
시즌 종료
ㅈㅈ
0
0
0
공감
스크랩
글 목록",https://everytime.kr/467559/v/393532798
,미국양자컴퓨터추천해주세요,"양자컴퓨터관련주를 사고싶은데 고민이 되서요..아이온큐랑 리게티컴퓨팅이랑 디웨이브퀀텀이랑 퀀텀텀퓨팅이랑 아르킷퀀텀이랑 퀀텀 중에서 장기로 하나 가고 싶은데 추천해주세요ㅠ 감사합니다..
0
4
0
공감
스크랩","실시간 인기 글
백날 학교 내려쳐봐라
진짜 지잡을 몰라서 그럼
올해 편입했는데 천국이다
조별과제 할 때 대놓고 무임승차하거나 수업 안나오는 사람도 없고 도서관 겁나 크고 좋은데 다들
광주캠 자유게시판
93
33
니네는 얼박사 절대 마시지 마라
얼박사 모르고 먹으면 큰일나는데 다들 이거 모르고 있더라
저번에 유독 피곤하고 몸에 기운이 없어서 강의실에서 얼박사 마시고 있었음.
교수
광주캠 자유게시판
31
10
HOT 게시물
더 보기
04/16 02:02
전대 내려치지마새욤..
04/15 19:29
니네는 얼박사 절대 마시지 마라
04/15 19:36
백날 학교 내려쳐봐라
04/14 20:04
사람이 지쳤잖아
BEST 게시판
더 보기
학교 소식
4.16 세월호 참사 12주기
[4.16 세월호 참사 12주기 ]
안녕하세요. 전남대학교 제55대 총학생회 ‘그린’입니다.
소중한 이들을 차가운 바다에서 잃어버린 그날에
광주캠퍼스 총학생회
3
0
📝제78회 한국사능력검정시험 안내📝
제78회 한국사능력검정시험 일정을 안내드립니다.

✔접수 기간: 4월 21일(화) ~ 4월 28일(화)
✔취소좌석 접수: 5월 5일(화) ~
사범대학 학생회
1
0
최근 강의평
더 보기
무역학개론 : 이강문
무역, 나라 간의 관계 관심많으시면 ㄹㅇ 추천
근데 나긋나긋하셔서 참을 수 없는 졸음이.몰려오긴 합니다
경제학개론 : 윤영선
교수님께서 열정적으로 설명해주십니다 내용도 재밌어용
과제도 없고 좋아요
일반심리학 : 김소영
복습을 꾸준히 안 하면 시험 때 고생할 것 같아요
팀티칭이라 일주일마다 교수님이 바뀌는데 다들 시간이 부족함에도 꾹꾹 눌러담아서 가르쳐주고 떠나
📉주식📈
주식, 제테크 이야기를 나누는 곳
익명
25/10/29 19:59
쪽지
신고
미국양자컴퓨터추천해주세요
양자컴퓨터관련주를 사고싶은데 고민이 되서요..아이온큐랑 리게티컴퓨팅이랑 디웨이브퀀텀이랑 퀀텀텀퓨팅이랑 아르킷퀀텀이랑 퀀텀 중에서 장기로 하나 가고 싶은데 추천해주세요ㅠ 감사합니다..
0
4
0
공감
스크랩
익명1
대댓글
공감
쪽지
신고
주식이 아니라 기술이랑 R&D쪽으로만 보면 구글이랑 IBM이 제일 큰걸로 알고있어요
25/10/29 20:26
익명2
대댓글
공감
쪽지
신고
양자 etf를 사셈
25/10/30 00:07
익명3
대댓글
공감
쪽지
신고
아이온큐 ㄱ
25/11/16 00:45
익명4
대댓글
공감
쪽지
신고
qtum
25/11/18 00:53
글 목록",https://everytime.kr/467559/v/393123945
,미주 코인 하시는 분들 올인원 앱 추천,"사실 제가 만들었습니다..
제 앱 평가좀 받고싶은데 관심있으신 분 한 번 봐주세요!😄🥹
1. 실시간 정보,뉴스 받고 싶다?
☑️ 여러 카테고리 AI가 모든 정보 디테일한 실시간 분석
☑️ 모든 분석 볼 필요없이 내 종목만 하이라이트 제공
2. 차트 잘 모르는데 어떻게 분석하지..?
☑️ AI가 시장 심리+지표 패턴을 분석해 합리적인 분석
☑️ 유저들도 함께 참여하여 서로의 진입,익절,손절가 공개
☑️ 어려운 지표 실전적으로 분석 설명 제공
☑️ 다른 앱 왔다 갔다 할 필요없이 앱 내 트뷰 제공
3. AI 정확한 거 맞아..?
☑️ 투자엔 정답이 없습니다. 최선의 분석을 제공하고 이를 AI 성적표를 통해 결과와 분석 내용을 투명하게 공개합니다
☑️ 오랜 개발 기간과 개발자의 노하우 + 자사 AI + 최신 AI 모델을 통해 정교한 분석을 제공합니다.
4. 정보 빨리빨리 받고 싶어요
☑️ 최신 정보들을 분석까지 해서 타 앱과 오차가 크게 나지 않게 실시간으로 올라옵니다
☑️ 중요도 기반 정보, 분석, 가격 급등급락 알람을 통해 내가 원하는 알람만 받아보세요
App Name : MarkeTracer
IOS
https://apps.apple.com/kr/app/marketracer/id6751274329
Android
https://play.google.com/store/apps/details?id=com.newstrade&pcampaignid=web_share
1
0
2
공감
스크랩
글 목록","실시간 인기 글
백날 학교 내려쳐봐라
진짜 지잡을 몰라서 그럼
올해 편입했는데 천국이다
조별과제 할 때 대놓고 무임승차하거나 수업 안나오는 사람도 없고 도서관 겁나 크고 좋은데 다들
광주캠 자유게시판
93
33
니네는 얼박사 절대 마시지 마라
얼박사 모르고 먹으면 큰일나는데 다들 이거 모르고 있더라
저번에 유독 피곤하고 몸에 기운이 없어서 강의실에서 얼박사 마시고 있었음.
교수
광주캠 자유게시판
31
10
HOT 게시물
더 보기
04/16 02:02
전대 내려치지마새욤..
04/15 19:29
니네는 얼박사 절대 마시지 마라
04/15 19:36
백날 학교 내려쳐봐라
04/14 20:04
사람이 지쳤잖아
BEST 게시판
더 보기
학교 소식
4.16 세월호 참사 12주기
[4.16 세월호 참사 12주기 ]
안녕하세요. 전남대학교 제55대 총학생회 ‘그린’입니다.
소중한 이들을 차가운 바다에서 잃어버린 그날에
광주캠퍼스 총학생회
3
0
📝제78회 한국사능력검정시험 안내📝
제78회 한국사능력검정시험 일정을 안내드립니다.

✔접수 기간: 4월 21일(화) ~ 4월 28일(화)
✔취소좌석 접수: 5월 5일(화) ~
사범대학 학생회
1
0
최근 강의평
더 보기
무역학개론 : 이강문
무역, 나라 간의 관계 관심많으시면 ㄹㅇ 추천
근데 나긋나긋하셔서 참을 수 없는 졸음이.몰려오긴 합니다
경제학개론 : 윤영선
교수님께서 열정적으로 설명해주십니다 내용도 재밌어용
과제도 없고 좋아요
일반심리학 : 김소영
복습을 꾸준히 안 하면 시험 때 고생할 것 같아요
팀티칭이라 일주일마다 교수님이 바뀌는데 다들 시간이 부족함에도 꾹꾹 눌러담아서 가르쳐주고 떠나
📉주식📈
주식, 제테크 이야기를 나누는 곳
익명
25/10/28 12:26
쪽지
신고
미주 코인 하시는 분들 올인원 앱 추천
사실 제가 만들었습니다..
제 앱 평가좀 받고싶은데 관심있으신 분 한 번 봐주세요!😄🥹

1. 실시간 정보,뉴스 받고 싶다?

☑️ 여러 카테고리 AI가 모든 정보 디테일한 실시간 분석
☑️ 모든 분석 볼 필요없이 내 종목만 하이라이트 제공

2. 차트 잘 모르는데 어떻게 분석하지..?

☑️ AI가 시장 심리+지표 패턴을 분석해 합리적인 분석
☑️ 유저들도 함께 참여하여 서로의 진입,익절,손절가 공개
☑️ 어려운 지표 실전적으로 분석 설명 제공
☑️ 다른 앱 왔다 갔다 할 필요없이 앱 내 트뷰 제공

3. AI 정확한 거 맞아..?

☑️ 투자엔 정답이 없습니다. 최선의 분석을 제공하고 이를 AI 성적표를 통해 결과와 분석 내용을 투명하게 공개합니다
☑️ 오랜 개발 기간과 개발자의 노하우 + 자사 AI + 최신 AI 모델을 통해 정교한 분석을 제공합니다.

4. 정보 빨리빨리 받고 싶어요

☑️ 최신 정보들을 분석까지 해서 타 앱과 오차가 크게 나지 않게 실시간으로 올라옵니다
☑️ 중요도 기반 정보, 분석, 가격 급등급락 알람을 통해 내가 원하는 알람만 받아보세요

App Name : MarkeTracer

IOS
https://apps.apple.com/kr/app/marketracer/id6751274329
Android
https://play.google.com/store/apps/details?id=com.newstrade&pcampaignid=web_share
1
0
2
공감
스크랩
글 목록",https://everytime.kr/467559/v/393012587
,올해 실현+미실현수익 3억 찍은듯,"soxl 12달러에 7천매수, 31에 반익절. (5천 수익실현)
47 홀딩중 (8천 미실현수익)
다른 잡 주식들 (실현 미실현 합 1천)
코인 보따리 (1.6억 실현수익)
코인 잡다한 프로젝트 (3천 실현수익)
========소모진행중=====
해선 마이너스중 1.5천
코인 프로젝트들 씨뿌려놓기 2~3천
퍼프덱스작 5천(진행중)
0
7
0
공감
스크랩","실시간 인기 글
백날 학교 내려쳐봐라
진짜 지잡을 몰라서 그럼
올해 편입했는데 천국이다
조별과제 할 때 대놓고 무임승차하거나 수업 안나오는 사람도 없고 도서관 겁나 크고 좋은데 다들
광주캠 자유게시판
93
33
니네는 얼박사 절대 마시지 마라
얼박사 모르고 먹으면 큰일나는데 다들 이거 모르고 있더라
저번에 유독 피곤하고 몸에 기운이 없어서 강의실에서 얼박사 마시고 있었음.
교수
광주캠 자유게시판
31
10
HOT 게시물
더 보기
04/16 02:02
전대 내려치지마새욤..
04/15 19:29
니네는 얼박사 절대 마시지 마라
04/15 19:36
백날 학교 내려쳐봐라
04/14 20:04
사람이 지쳤잖아
BEST 게시판
더 보기
학교 소식
4.16 세월호 참사 12주기
[4.16 세월호 참사 12주기 ]
안녕하세요. 전남대학교 제55대 총학생회 ‘그린’입니다.
소중한 이들을 차가운 바다에서 잃어버린 그날에
광주캠퍼스 총학생회
3
0
📝제78회 한국사능력검정시험 안내📝
제78회 한국사능력검정시험 일정을 안내드립니다.

✔접수 기간: 4월 21일(화) ~ 4월 28일(화)
✔취소좌석 접수: 5월 5일(화) ~
사범대학 학생회
1
0
최근 강의평
더 보기
무역학개론 : 이강문
무역, 나라 간의 관계 관심많으시면 ㄹㅇ 추천
근데 나긋나긋하셔서 참을 수 없는 졸음이.몰려오긴 합니다
경제학개론 : 윤영선
교수님께서 열정적으로 설명해주십니다 내용도 재밌어용
과제도 없고 좋아요
일반심리학 : 김소영
복습을 꾸준히 안 하면 시험 때 고생할 것 같아요
팀티칭이라 일주일마다 교수님이 바뀌는데 다들 시간이 부족함에도 꾹꾹 눌러담아서 가르쳐주고 떠나
📉주식📈
주식, 제테크 이야기를 나누는 곳
익명
25/10/28 07:14
쪽지
신고
올해 실현+미실현수익 3억 찍은듯
soxl 12달러에 7천매수, 31에 반익절. (5천 수익실현)
47 홀딩중 (8천 미실현수익)
다른 잡 주식들 (실현 미실현 합 1천)

코인 보따리 (1.6억 실현수익)
코인 잡다한 프로젝트 (3천 실현수익)

========소모진행중=====
해선 마이너스중 1.5천
코인 프로젝트들 씨뿌려놓기 2~3천
퍼프덱스작 5천(진행중)
0
7
0
공감
스크랩
익명1
대댓글
공감
쪽지
신고
소스좀...
25/10/28 22:32
익명2
대댓글
공감
쪽지
신고
펍덱 머하셔요? 엣지 라이터?
25/10/29 11:36
익명(글쓴이)
공감
쪽지
신고
그때는 펍덱 잘 모를때라 놓쳐서 소액만 해뒀고, 베이스드 포모와서 4천만원 녹였다가 후회중. 정신차리고
지금은 개발자에게 외주줘서 효율 좋게 봇매매 하는걸로 갈아탔어요
계속 디벨롭 하고있지만 완벽하게 로직 완성되면 grvt + 베리나 조합으로 일주일에 2~300씩 녹일생각입니다
현재효율은 양 거래소 합 거래량의 0.005% 정도로 소모중

지인들에게만 오픈할지
레퍼럴받고 다운그레이드버전 배포할지 계획중입니다
25/10/29 11:42
익명2
대댓글
공감
쪽지
신고
아 gvrt베리나 하고 있으시군요. 전 손으로 엣지 라이터 양방 작업 중인데 시간을 너무 갉아먹어서 스트립트 작성해볼까 했는데, 개발자에게 외주라니 어나더 레벨이시네요 ㄷㄷㄷ
봇으로 돌려서 확실히 수수료 효율은 좋네요 0.005면.

미주 매매, 예치작, 보따리, 펍덱까지 다양하게 플레이하시네요.. 전 매매는 소질없어서 에드작만 합니다. 엣지 tge 잘나와서 다른 펍덱들도 밸류 잘 받으면 좋겠네요
25/10/29 11:50
익명(글쓴이)
공감
쪽지
신고
저와 비슷하게 하시네요 저도 매매는 더 잘하는 사람에게 카피트레이딩 하면 된다고 생각해서 해선카피 시드 일부 돌리고있어요

다만 엣지는 너무 넘사같고 라이터는 Oi 점수 많다고 해서 잡고 30k 유지해봤는데 2포인트 정도 밖에 안들어와서
그냥 증정금 녹일때나 가끔 쓰는용도로 하고있어요
효율좋게 녹이면 아무리 못해도 쓴 돈의 3배는.. 주지않을까요? 단순사팔보다 반은 아끼니깐..

쓴 돈 겨우 멘징수준이라면 이제 제 먹거리는 끝났슴다 ㅠ
25/10/29 12:11
익명4
대댓글
공감
쪽지
신고
코인 아직 잘 돼요?
02/22 15:29
익명(글쓴이)
공감
쪽지
신고
아직 에어드랍쪽에서 특별히 거둔건 없는데, pacifica 라는 거래소 작업 세계 10등안에 들어가고있는 것 같아요. 정말 최소로 잡았을때 지금까지 모은 포인트는 한 3억어치 되지 않나 싶어요(쓴돈 2천쯤)
02/22 15:33
글 목록",https://everytime.kr/467559/v/392998959
,아이렌,"뺄까?
0
8
0
공감
스크랩","실시간 인기 글
백날 학교 내려쳐봐라
진짜 지잡을 몰라서 그럼
올해 편입했는데 천국이다
조별과제 할 때 대놓고 무임승차하거나 수업 안나오는 사람도 없고 도서관 겁나 크고 좋은데 다들
광주캠 자유게시판
93
33
니네는 얼박사 절대 마시지 마라
얼박사 모르고 먹으면 큰일나는데 다들 이거 모르고 있더라
저번에 유독 피곤하고 몸에 기운이 없어서 강의실에서 얼박사 마시고 있었음.
교수
광주캠 자유게시판
31
10
HOT 게시물
더 보기
04/16 02:02
전대 내려치지마새욤..
04/15 19:29
니네는 얼박사 절대 마시지 마라
04/15 19:36
백날 학교 내려쳐봐라
04/14 20:04
사람이 지쳤잖아
BEST 게시판
더 보기
학교 소식
4.16 세월호 참사 12주기
[4.16 세월호 참사 12주기 ]
안녕하세요. 전남대학교 제55대 총학생회 ‘그린’입니다.
소중한 이들을 차가운 바다에서 잃어버린 그날에
광주캠퍼스 총학생회
3
0
📝제78회 한국사능력검정시험 안내📝
제78회 한국사능력검정시험 일정을 안내드립니다.

✔접수 기간: 4월 21일(화) ~ 4월 28일(화)
✔취소좌석 접수: 5월 5일(화) ~
사범대학 학생회
1
0
최근 강의평
더 보기
무역학개론 : 이강문
무역, 나라 간의 관계 관심많으시면 ㄹㅇ 추천
근데 나긋나긋하셔서 참을 수 없는 졸음이.몰려오긴 합니다
경제학개론 : 윤영선
교수님께서 열정적으로 설명해주십니다 내용도 재밌어용
과제도 없고 좋아요
일반심리학 : 김소영
복습을 꾸준히 안 하면 시험 때 고생할 것 같아요
팀티칭이라 일주일마다 교수님이 바뀌는데 다들 시간이 부족함에도 꾹꾹 눌러담아서 가르쳐주고 떠나
📉주식📈
주식, 제테크 이야기를 나누는 곳
익명
25/10/21 22:33
쪽지
신고
아이렌
뺄까?
0
8
0
공감
스크랩
익명1
대댓글
공감
쪽지
신고
콩고기나 들어가라 제2의 게임스탑 될거 같은데
25/10/22 04:43
익명2
대댓글
공감
쪽지
신고
평단 너무 높으면 일단 튀는것도
25/10/22 20:22
익명3
대댓글
공감
쪽지
신고
평단얼마냐
25/10/22 22:08
익명(글쓴이)
공감
쪽지
신고
58
25/10/22 23:52
익명3
공감
쪽지
신고
ㅈㄴ 높네... 물타라
25/10/23 00:19
익명(글쓴이)
공감
쪽지
신고
빼지마란거지?
25/10/23 00:31
익명3
공감
쪽지
신고
ㅇㅇ
25/10/23 02:03
익명2
대댓글
공감
쪽지
신고
아이렌 50불 지지 못하면 도망~~~~~
25/10/23 00:56
글 목록",https://everytime.kr/467559/v/392492312
